metric,10fpv,50fpv,250fpv,500fpv
accuracy,0.61769,0.45717,0.45276,0.490463
precision,0.37164,0.33765,0.46329,0.576792
recall,0.26546,0.52927,0.70667,0.728448
